Natalie Campbell,mobile,Zimbabwe,0,2,3,32
Bryce Guerrero,quiet,Somalia,0,1,1,834
Emily Anderson,excursion,Botswana,1,3,6,945
Elizabeth Gray,sports,Djibouti,1,3,3,21
Nicholas Marshall,beach,Senegal,0,2,2,236
Robin Chambers,quiet,Nauru,0,1,2,506
Bruce Hartman,beach,Gambia,1,1,1,480
Danielle Bryan,beach,Central African Republic,1,1,1,958
John Lewis,quiet,Malta,0,3,2,846
Douglas Joyce,quiet,Mauritius,1,2,5,706
James Estrada,quiet,Honduras,0,1,1,609
Tammy Cain,beach,Albania,0,1,3,683
Shawn Martinez,quiet,French Guiana,1,2,1,868
Jay Tate,excursion,Isle of Man,1,3,1,63
Scott Hunter,quiet,Libyan Arab Jamahiriya,1,3,5,352
Mallory Murphy,excursion,Hong Kong,1,2,2,503
David Trujillo,sports,Oman,0,2,4,439
Matthew Jensen,sports,Guyana,1,2,6,670
Kelly Thomas PhD,quiet,Holy See (Vatican City State),0,2,3,438
Leah Henry MD,excursion,Mali,1,1,3,668
Alice Stout,sports,Venezuela,0,2,2,762
Bryan Graham,excursion,Vietnam,1,1,5,75
Angela Taylor,sports,Tonga,1,1,6,881
Kevin Davis,beach,Singapore,0,3,4,754
Justin Brown,sports,Macao,1,3,2,940
James Little,quiet,Hong Kong,1,1,6,536
Brittany Hampton,sports,France,1,2,3,61
Ann Love,excursion,Philippines,1,1,4,689
Melinda Jones,sports,Sri Lanka,1,3,6,12
April Gallagher,beach,Cook Islands,1,1,5,576
Adam Davis,excursion,Mauritius,1,3,4,939
Jennifer Hunter,quiet,Norfolk Island,0,2,2,148
Teresa Davis,sports,Isle of Man,1,3,1,668
Rebecca Greene,sports,Panama,0,1,3,596
James Murphy,excursion,Bolivia,1,2,2,67
Mark Humphrey,sports,Niue,1,1,2,121
Brooke Walsh,beach,Lebanon,0,1,3,643
Cody Franklin,beach,Yemen,0,1,4,161
Amy Hurley,mobile,Germany,1,2,5,321
Jesse Richards,sports,Thailand,1,1,1,213
Jason Reeves,excursion,Reunion,1,3,5,473
Anne Mills,quiet,Tuvalu,1,3,1,93
Jorge Lucero,sports,Zambia,0,3,1,739
Steven Allison,excursion,Cyprus,0,2,1,387
Michael Wolfe,quiet,Western Sahara,1,2,4,930
Joseph Campos MD,sports,Greece,0,2,6,892
Michael Peterson,excursion,Central African Republic,1,3,4,353
Christopher Cunningham,sports,Greenland,1,2,1,438
Ann Cooper,mobile,Serbia,0,1,3,838
Jenny Holder,excursion,Indonesia,1,2,4,586
Garrett Webb,mobile,South Georgia and the South Sandwich Islands,0,2,3,597
William Jacobs,quiet,Mali,1,3,5,9
Jeffrey Johnson,sports,Costa Rica,0,2,2,672
Maureen Woods,quiet,Reunion,1,3,1,583
Christina Hall,beach,Italy,1,3,6,829
Ashley Valdez,sports,Hungary,1,2,6,862
Justin Wiggins,excursion,Nigeria,1,3,6,738
Courtney Chaney,excursion,Estonia,0,1,4,76
Jennifer Kramer,beach,Indonesia,0,3,3,764
Brian Melton,sports,Chad,1,3,5,874
Franklin Torres,quiet,Honduras,1,2,4,134
Amy Ramirez,excursion,Saint Barthelemy,0,1,3,968
Heather Booker,sports,Spain,0,1,3,832
Jeffrey Smith,excursion,Togo,1,2,1,262
Mary Lee,sports,Croatia,0,2,4,210
Madison Lowe,excursion,Senegal,0,1,6,880
Stephanie Olson,quiet,Sri Lanka,0,3,4,101
Dana Lewis,quiet,Italy,0,1,1,14
Barbara Werner,beach,Tuvalu,0,2,1,25
Holly Martinez,excursion,Uganda,1,3,6,825
Kenneth Dunn,quiet,Finland,1,1,4,633
Laurie Hernandez,mobile,Saint Kitts and Nevis,1,2,3,898
Casey Pham,mobile,Uruguay,1,1,5,648
Stephen Spencer,quiet,Malaysia,0,1,4,634
Diana Chavez,beach,French Guiana,0,3,2,220
Laura Savage,excursion,Guatemala,0,2,4,302
Sharon Miller,sports,Montenegro,1,3,4,321
Alex Schwartz,quiet,Nicaragua,1,1,6,15
Dominique Taylor,beach,Maldives,0,2,6,944
Patrick Ramos,excursion,Estonia,1,3,6,815
Tyler Burgess,sports,South Georgia and the South Sandwich Islands,1,3,6,637
Amber King,beach,Singapore,1,3,5,813
Cassandra Hernandez,mobile,Malta,0,1,6,20
Philip Lewis,excursion,Tokelau,0,3,2,378
Gina Anderson,sports,Heard Island and McDonald Islands,1,1,4,387
Dylan Mason,sports,Cocos (Keeling) Islands,0,2,4,62
Hannah Mahoney,quiet,Senegal,1,1,2,218
Carla Sullivan,sports,Guinea-Bissau,0,1,5,349
Dr. Laura Norris,quiet,Tajikistan,1,3,2,623
Frederick Cole,excursion,Kiribati,0,1,6,970
Kevin Pitts,quiet,Tonga,1,1,1,1
Kevin Mcdonald,beach,Panama,1,1,2,542
Mario Cisneros,mobile,Andorra,1,2,2,53
Kenneth Price,excursion,Djibouti,1,2,6,649
Gabrielle Thomas,mobile,Jordan,0,3,3,903
Eric Boone,mobile,Madagascar,1,1,1,520
David Bush,sports,Tanzania,1,2,4,90
Michael Kline,beach,Zambia,1,2,6,875
Andrew Edwards,sports,Falkland Islands (Malvinas),0,3,6,271
Michael Schmidt,sports,Reunion,0,1,3,503
Isaac Davis PhD,quiet,Saint Martin,1,2,3,252
Holly Fry,sports,French Southern Territories,1,3,3,631
Charlotte Miller,beach,Bulgaria,1,1,6,897
Angelica Young,excursion,Hungary,0,2,5,200
Susan Long,sports,Cuba,0,2,5,851
Mary Mckenzie,excursion,San Marino,1,3,6,538
Terry Sweeney,beach,Barbados,0,1,6,279
Christopher Ramirez,mobile,Korea,1,2,2,140
Brian Smith,quiet,French Guiana,0,3,1,329
Madison Green,mobile,Micronesia,1,3,3,894
Paul Peterson,beach,Malawi,0,3,5,239
Christina Hart,mobile,Mauritius,0,1,5,862
Elizabeth King,sports,Rwanda,0,2,6,498
Susan Camacho,excursion,Germany,0,3,1,116
Dr. Amanda Thomas,quiet,Martinique,0,3,1,713
Sherry Chase DVM,quiet,Heard Island and McDonald Islands,0,2,2,813
Shannon Edwards,sports,Bulgaria,0,2,5,384
Andrew Bolton,sports,Gabon,1,2,2,294
Aaron Decker,sports,Liberia,1,2,3,538
Karen Martin,sports,Guyana,1,1,2,794
Cynthia Cox,sports,Honduras,0,2,2,414
Linda Benson,quiet,Bermuda,0,2,4,720
Sandy Hoover,excursion,Zambia,1,3,6,239
Anne Phelps,mobile,Maldives,1,1,6,354
Philip Campbell,beach,Mayotte,0,3,2,131
Amanda Peters,quiet,Egypt,1,3,1,456
Gregory Jordan,quiet,Angola,1,3,5,380
Melanie Diaz,excursion,Slovakia (Slovak Republic),1,2,2,999
Tracey Hogan,beach,Solomon Islands,0,3,3,270
Christine Graham,excursion,El Salvador,0,1,2,365
Devon Thomas,sports,Uganda,1,3,4,682
Kenneth Nicholson,sports,Estonia,1,2,4,757
Vickie Jones,quiet,Iceland,1,2,4,267
Kenneth Allen,sports,Haiti,1,2,1,980
Jason Daniel,mobile,Cape Verde,1,1,5,258
Kristen Boyer,sports,Wallis and Futuna,0,3,1,773
Victoria Meyer DDS,excursion,United States Virgin Islands,0,3,6,421
Olivia Garcia,sports,Brazil,0,1,4,779
Christopher Miller,excursion,India,0,3,6,481
Brenda Mosley,excursion,Madagascar,1,2,2,895
Julie Murphy,quiet,Swaziland,0,1,3,405
Robert Horn,excursion,Azerbaijan,1,2,3,532
Christy Martinez,excursion,Cuba,1,3,5,312
Danielle Jacobs,excursion,Sweden,0,1,6,593
Guy Crawford,excursion,Reunion,0,1,6,726
Morgan Baldwin,mobile,Kazakhstan,0,1,5,525
Philip Sullivan,sports,Central African Republic,1,2,5,924
Nicole Olson,beach,Sao Tome and Principe,0,1,3,214
Allen Bates,beach,Jersey,1,3,2,846
Katrina Fuller,sports,Tonga,1,3,6,517
Erin Davis,sports,Rwanda,1,2,5,387
Mary Petty,beach,Japan,1,3,1,876
Edward Hawkins,beach,Nigeria,0,3,4,906
Carol Booth,excursion,Croatia,0,3,4,197
Jennifer Wallace,beach,Mozambique,1,1,3,318
Daniel Meyer,quiet,Saudi Arabia,0,1,4,987
Sabrina Esparza,excursion,Guam,0,3,2,928
Dominic Kelley,excursion,Guatemala,0,3,5,996
Kyle Reilly,quiet,Cape Verde,0,2,5,199
Cheryl Crane,beach,Ukraine,0,3,1,644
Troy Hess,sports,Sao Tome and Principe,0,3,4,769
Travis Weber,sports,Ghana,0,3,3,802
Riley Turner,mobile,Cambodia,0,3,4,920
Denise Peters,sports,Honduras,1,2,6,970
Raymond Walker,excursion,Croatia,1,2,2,315
Billy Hernandez,excursion,Georgia,0,2,5,372
Kristen Becker,beach,Vietnam,1,3,6,907
Heather Ball,quiet,Poland,1,1,6,244
Erin Mccoy,quiet,Andorra,1,3,6,623
Barbara Weaver,mobile,Chile,1,2,1,718
Jeffery Mcintosh,excursion,Hong Kong,0,1,2,189
Michelle Sharp,sports,Guadeloupe,1,1,6,107
Daniel Wilcox,sports,Belgium,1,3,1,406
Nicole Richards,sports,Antigua and Barbuda,0,1,6,415
Connor Martin,beach,Saudi Arabia,0,2,5,777
Alexander Curtis,sports,Venezuela,1,1,5,366
David Johnson,beach,Djibouti,0,1,6,756
Jamie White,sports,Holy See (Vatican City State),1,1,2,974
Justin Russell,mobile,Grenada,1,3,5,585
Janet Baxter,quiet,Saudi Arabia,1,1,1,337
Carla Reed,excursion,Malta,1,3,6,953
Angela Joseph,sports,Liberia,1,3,4,284
Ross Johnson,sports,United Arab Emirates,1,1,2,192
Lynn Craig,beach,Hong Kong,0,2,1,63
Danielle Lee,excursion,Marshall Islands,0,3,4,446
Leah Keller,excursion,Lesotho,1,3,4,111
Sandra Johnson,quiet,Cyprus,0,3,6,588
Steven Barrett,excursion,Sweden,1,2,6,118
Sean Baker,mobile,Poland,0,1,5,184
Tammy Oliver,mobile,Venezuela,0,1,3,77
Kenneth Keller,sports,American Samoa,0,3,6,489
Samantha Abbott,beach,Svalbard & Jan Mayen Islands,1,3,2,302
David Anderson,mobile,French Guiana,1,3,4,2
Jason Booth,mobile,Qatar,1,1,5,294
Matthew Riley,quiet,Guyana,1,1,3,181
Jennifer Roy,beach,Mauritius,0,2,3,122
Mr. Benjamin Evans III,mobile,British Indian Ocean Territory (Chagos Archipelago),1,1,6,976
Tanya Hughes MD,mobile,Saint Lucia,0,1,1,691
Charles Robinson,quiet,Taiwan,0,1,3,556
Deborah Terry,sports,United States Minor Outlying Islands,0,2,1,717
Amanda Hicks,quiet,Netherlands,0,2,6,521
Robert Spears,quiet,Mayotte,1,3,4,67
Rebecca Lopez,quiet,Somalia,0,1,6,997
Helen Jones,sports,Turkey,1,3,4,433
Bradley Erickson,mobile,Cape Verde,0,2,3,682
Sarah Moore,quiet,Isle of Man,1,1,5,211
Nicholas Ruiz,excursion,Seychelles,1,2,2,344
Gary Barnes,sports,Ireland,0,2,2,255
Christina Huff,sports,Liechtenstein,1,3,5,545
Rhonda Gonzalez,beach,Lebanon,1,1,2,466
Douglas Brewer,mobile,Congo,1,2,1,536
Natalie Scott,excursion,Botswana,0,2,6,705
Michael Nolan,quiet,Antarctica (the territory South of 60 deg S),0,1,6,302
Christopher Wright,quiet,Canada,0,1,4,665
Brian Schneider,mobile,Zimbabwe,0,2,3,562
Benjamin Aguirre,beach,Equatorial Guinea,1,3,1,314
Lisa Keller,sports,Puerto Rico,0,2,6,177
Manuel Alexander,beach,Martinique,1,1,3,750
Christina Smith,sports,Albania,0,1,1,649
Jamie Johnson,sports,Cameroon,1,2,6,669
Vickie Keller,excursion,Papua New Guinea,1,2,5,981
Amy Padilla,mobile,Djibouti,1,2,5,381
Tony Garcia PhD,quiet,Chad,1,2,1,345
Janice Rios,excursion,Angola,1,3,6,697
Billy Hall,excursion,Wallis and Futuna,0,1,5,238
Sandra Walker,beach,Andorra,1,2,2,329
Craig Smith,beach,Kuwait,1,3,2,989
Danielle Khan,quiet,Croatia,1,1,1,630
Aaron Berry,quiet,Somalia,0,1,5,668
Gregory Santiago,quiet,Cambodia,0,3,3,86
Amanda Hampton,excursion,Hong Kong,1,1,3,144
Samantha Stevens,mobile,Jordan,0,2,6,292
Christina Johnson,beach,Finland,1,2,4,916
Vicki Wiley,excursion,Cuba,1,1,3,7
Cody Nguyen,mobile,Latvia,0,3,3,789
Margaret Doyle,excursion,French Guiana,0,2,1,45
John Taylor,beach,Bahamas,0,2,1,190
Derek Weaver,excursion,Eritrea,0,1,2,715
Lisa Hanson,mobile,Peru,1,3,4,588
Charlene Wilcox,excursion,Cambodia,1,3,5,263
Charles Mcdaniel,sports,Faroe Islands,0,2,1,440
Jessica Elliott,excursion,Tanzania,0,2,3,376
Michael Powell,beach,Comoros,0,3,2,144
Robert James,quiet,Philippines,1,1,3,751
Nicholas Cox,mobile,Mozambique,0,1,2,371
Jessica Kramer,sports,French Guiana,0,1,1,270
Jennifer Hester,beach,Central African Republic,0,3,6,222
Richard Reed,quiet,Swaziland,1,3,4,974
Sara Acevedo,sports,Grenada,0,2,1,126
Daniel Garcia,excursion,South Africa,1,2,6,580
Geoffrey Garcia,sports,Thailand,0,1,4,662
Rodney Hernandez,beach,Saint Pierre and Miquelon,1,3,1,45
Danny Ball,mobile,Benin,0,1,3,957
Sherri Adams,sports,Slovenia,0,1,3,754
Kristin Wells,quiet,Bahamas,1,1,6,787
Zachary Gardner,sports,Panama,1,2,6,321
Alyssa Lane,sports,Papua New Guinea,0,2,5,669
Lauren Cummings,sports,Saint Martin,1,1,2,78
Jessica Chaney,mobile,South Africa,0,1,2,972
Deborah Jacobs,excursion,Ireland,0,2,4,106
Tim Serrano,excursion,Reunion,1,2,1,108
Edward Kirk,quiet,Macedonia,0,3,5,603
Vernon White,excursion,Comoros,0,1,5,619
Nathan Howard,beach,Congo,0,1,1,788
Christopher Frederick,excursion,Nauru,1,3,5,449
David Cook,sports,Netherlands Antilles,0,3,4,815
Patricia Kirk,sports,Sri Lanka,1,3,1,13
Ms. Victoria Soto,mobile,Romania,1,3,3,782
Sandra Martinez,beach,Sweden,1,2,2,788
Tammy Vasquez,excursion,Nigeria,1,2,3,205
Christine Sanchez,beach,Bahrain,1,1,2,435
Katie Shepard,quiet,Tajikistan,0,1,2,571
Bradley Rich,mobile,Botswana,1,2,1,621
Shawn George,excursion,Lao People's Democratic Republic,0,1,6,407
Randy Bush,excursion,Tuvalu,1,3,1,909
Megan Sexton,beach,Guatemala,0,2,2,573
Kimberly Kennedy,sports,Nigeria,0,3,5,886
John Pugh,sports,Canada,1,1,3,641
Kenneth Walker,sports,South Africa,1,1,2,139
Cynthia Flores,quiet,United Kingdom,1,1,3,882
Daniel Mullins,mobile,Uzbekistan,0,1,1,488
Steven Simon,mobile,China,0,3,3,580
Aaron Patterson,quiet,Montenegro,1,3,5,978
Brittany Johnson,mobile,Myanmar,1,2,3,226
Arthur Lam,mobile,British Virgin Islands,1,2,3,895
Melissa Sanchez,beach,Gambia,0,3,6,345
Kim Jones,beach,Argentina,1,2,1,941
Benjamin Rocha,sports,Turkey,0,3,5,741
David Mckenzie,mobile,Guinea,1,2,6,814
Julie May,excursion,Liberia,1,2,1,393
Julia Anderson,mobile,Russian Federation,0,3,3,639
Autumn Gibson,sports,Singapore,0,3,3,210
Jaime Wall,quiet,Tajikistan,1,1,4,223
Tracy Sullivan,mobile,Korea,1,1,2,639
April Martin,excursion,Faroe Islands,1,2,6,29
Nicholas Edwards,excursion,Turkmenistan,0,3,4,201
Thomas Wu,quiet,Guinea-Bissau,1,3,3,727
Jonathan King,quiet,Montenegro,1,1,4,492
Jessica Gomez,excursion,Saint Helena,0,2,2,938
James Chavez,quiet,Svalbard & Jan Mayen Islands,0,3,4,861
Grace Walters,beach,Montenegro,0,3,5,150
Alicia Johnson,beach,Indonesia,1,1,5,294
David Moore,mobile,Liechtenstein,0,2,1,766
Henry Porter,beach,Belgium,1,1,2,185
Daniel Smith,quiet,El Salvador,1,2,1,129
Shane Hawkins,excursion,Dominica,0,3,5,636
Jessica Oliver,beach,Tunisia,0,2,2,473
Ashley Myers,beach,Togo,0,1,1,68
Nicholas Bradley,mobile,Djibouti,0,2,4,967
Antonio Daniel,mobile,Grenada,0,2,4,912
Albert Roberts,excursion,Bhutan,1,3,4,388
Alejandro Williams,excursion,Kyrgyz Republic,0,2,2,969
Lori Franklin,beach,Saint Barthelemy,0,3,6,21
Eric Thomas,beach,Portugal,0,3,4,64
Ashley Black,excursion,Jamaica,1,2,6,883
Jessica Harrell,beach,Rwanda,1,3,2,921
Jason Ruiz,mobile,Cyprus,0,3,6,742
Jason Cruz,beach,Cyprus,1,2,1,192
Tracy Perez,mobile,Ukraine,1,3,5,686
Karla Wilson,excursion,Denmark,1,3,5,286
William Brandt,quiet,Netherlands Antilles,0,3,1,557
Kimberly Matthews,sports,Vanuatu,1,1,3,471
Alyssa Snyder,quiet,Burundi,1,2,3,176
Stephanie Cochran,beach,Cayman Islands,0,3,6,882
Nicholas Mason,quiet,Spain,0,1,5,617
Nicole Gray,mobile,Ukraine,0,2,5,94
Sarah Smith,sports,Luxembourg,1,3,6,894
Melissa Jackson,excursion,Colombia,0,3,1,564
Thomas Stephens,mobile,Finland,0,1,3,241
Elizabeth Lloyd,beach,Ecuador,0,2,1,494
Kaitlyn Molina,mobile,Tonga,1,3,6,829
Samantha Cox,mobile,Gabon,1,2,2,405
Michael Perez,sports,Netherlands,0,1,6,381
Julie Alexander,sports,Ghana,0,2,4,389
Valerie Cook,quiet,Rwanda,1,1,4,825
Erica Henry,beach,Hungary,0,1,5,555
Edward Marsh,beach,Gibraltar,1,2,1,764
Brian Harris,beach,Marshall Islands,1,2,4,933
Russell Brown,quiet,Benin,1,3,4,837
John Strickland,beach,Venezuela,1,2,2,873
Ashley Torres,mobile,Tuvalu,1,3,1,786
Michael Norton,beach,Kiribati,1,2,1,7
Jeffrey Wise,excursion,Congo,1,1,6,957
Cynthia Martinez,quiet,Reunion,1,1,2,138
Elizabeth Richards,excursion,Guatemala,1,2,6,929
Greg Mosley,mobile,Latvia,1,3,5,318
Sylvia Salinas,mobile,Italy,1,2,1,954
Anthony Gray,quiet,Senegal,1,2,5,428
Ashley Rodriguez,mobile,Malaysia,0,2,3,17
Eric Bennett,mobile,Marshall Islands,0,1,2,372
Andrew Bird,sports,Macao,1,3,3,310
Jeremy Wright,excursion,United Kingdom,0,2,3,240
Kristina Singleton,sports,United States of America,0,2,5,655
Michael Berry,excursion,Central African Republic,1,1,5,39
Austin Davis,excursion,Mongolia,1,1,2,79
Christine Miranda,sports,Mozambique,1,3,1,498
Steven Poole,beach,Syrian Arab Republic,1,3,1,644
Amy Fischer,mobile,Malawi,0,3,1,542
Justin Schmitt,mobile,Bosnia and Herzegovina,0,2,1,277
Thomas Thompson,sports,Niue,0,1,2,257
James Henry,sports,Cocos (Keeling) Islands,0,1,3,63
Carrie Wilson,beach,Malaysia,1,3,1,547
Angela Thomas,sports,Martinique,1,1,3,928
Joanna Orr,sports,Azerbaijan,1,2,6,44
Carrie Tate,mobile,Norfolk Island,1,1,2,178
Kristin Gordon,beach,Egypt,1,3,1,273
Gabriel Thomas,mobile,Bhutan,1,3,3,806
Nathan Vazquez,mobile,Nicaragua,1,3,5,808
Rodney Atkins,beach,Jordan,1,1,2,933
Alexa Hoover,beach,United Kingdom,0,1,6,96
Ashley King,excursion,Christmas Island,0,3,4,615
Luis Caldwell,sports,Germany,1,1,3,954
Howard Dennis,mobile,Estonia,0,3,2,848
Mr. Dan Cox,beach,French Polynesia,0,1,5,401
Megan Davis,mobile,British Virgin Islands,1,3,3,409
Carol Jones,mobile,United Arab Emirates,0,1,1,325
Lisa Phillips,beach,Argentina,1,2,4,260
Evan Ramirez,sports,Venezuela,0,3,5,660
Cameron Pruitt,sports,Portugal,0,3,1,678
Miss Emily Hughes,mobile,Saint Barthelemy,1,3,5,305
Renee Garcia,excursion,Cook Islands,0,3,3,410
Heidi Olson DVM,quiet,Netherlands,0,1,3,864
Thomas Harrison,excursion,Turkey,0,2,5,707
Julie Ford,beach,San Marino,0,1,5,238
Haley Gibson,quiet,Uganda,1,1,1,908
Karen Anderson,sports,Mayotte,1,3,2,356
Erica Williams,beach,Guinea-Bissau,1,3,3,207
Susan Russell,excursion,Faroe Islands,1,3,5,771
Susan Gonzalez,mobile,Australia,0,1,2,768
Kayla Wright,mobile,Belarus,1,1,6,256
Catherine Huff,excursion,Heard Island and McDonald Islands,0,1,1,402
Joseph Avila,excursion,Armenia,0,1,4,843
Courtney Hoffman,quiet,Malawi,1,2,3,502
Christina Bean,beach,Myanmar,0,1,5,447
Benjamin Mills,beach,Lao People's Democratic Republic,1,2,3,372
Catherine Davidson,sports,Burkina Faso,1,2,6,983
Elizabeth Allen,excursion,Bermuda,0,1,4,964
Jason Rivera,excursion,Bulgaria,1,3,1,423
Dustin Hernandez,mobile,Isle of Man,0,2,3,441
Holly Terry,mobile,Brazil,0,3,5,380
Elizabeth Dawson,quiet,Sierra Leone,0,3,5,588
Erika Dean,excursion,Kenya,1,3,6,334
Christina Martinez,excursion,Lebanon,0,1,4,876
Robert Hudson,mobile,Ireland,0,1,3,4
Sarah Webb,mobile,Thailand,1,1,2,752
James French,mobile,Ukraine,0,1,5,354
Jonathan Esparza,excursion,Russian Federation,1,3,5,455
Katie Nichols,sports,Indonesia,1,2,3,507
Lisa Bean,excursion,Congo,1,3,5,567
Daniel Wells,excursion,Algeria,0,3,2,832
Jean Williams,quiet,Monaco,0,1,2,798
Harold Ross,mobile,Czech Republic,1,1,4,953
Brittany Scott,excursion,New Zealand,0,2,1,835
Manuel Howell Jr.,quiet,Bouvet Island (Bouvetoya),1,2,4,947
Darren Scott,quiet,French Southern Territories,1,3,5,266
Paul Kelly,beach,Libyan Arab Jamahiriya,1,2,6,457
Michael Coleman,mobile,Nauru,0,2,4,784
Carla Williams,sports,Antarctica (the territory South of 60 deg S),1,2,3,225
Nicholas Wallace,excursion,Eritrea,1,1,1,792
Crystal Stewart,quiet,Russian Federation,1,2,5,298
Amy Roberts,quiet,Faroe Islands,1,2,1,503
Matthew Hebert,excursion,Spain,1,2,4,769
Michael Keller,excursion,Namibia,1,3,5,793
Kristin Garner,mobile,Paraguay,1,1,4,927
Natasha Walker,sports,Chad,1,3,5,904
Patricia Harrison,beach,Gibraltar,1,3,1,617
Sandra Anderson,mobile,Bulgaria,1,2,4,823
Katelyn Smith,quiet,New Caledonia,1,2,5,827
Ryan Nielsen,beach,Saint Vincent and the Grenadines,0,1,2,553
Sara Malone,mobile,Tonga,1,1,1,86
Katherine Dixon,excursion,Tonga,1,2,2,81
Jason Phillips,sports,Philippines,1,3,1,200
Sharon Terrell,quiet,Macao,0,2,2,731
Taylor Ruiz,mobile,Mali,0,1,1,28
Joe Hooper,sports,Bahamas,1,1,4,107
Michael Goodman,quiet,Kyrgyz Republic,1,2,4,682
Patricia Lynch,excursion,Finland,0,3,1,204
Jennifer Crawford,quiet,Panama,0,3,3,794
Brittany Harris,excursion,Saint Lucia,0,1,6,612
Catherine Jones,sports,Turkey,1,3,3,700
Leonard Rios,mobile,Bolivia,1,2,5,965
Brooke Brown,excursion,Lithuania,0,3,4,58
Matthew Paul,beach,Gibraltar,1,1,6,693
Latoya Wilson,beach,Netherlands Antilles,0,3,1,560
William Hughes,mobile,Bermuda,0,1,4,956
Rachel Johnson,excursion,Singapore,1,2,3,340
Gregory Fletcher,quiet,Uzbekistan,0,1,1,609
Morgan Hayes,quiet,Gambia,1,2,3,302
Marilyn Barrera,excursion,Northern Mariana Islands,1,2,1,108
Joseph Gutierrez,quiet,Comoros,1,2,3,260
Catherine Mitchell,excursion,Guinea-Bissau,0,3,1,576
Lori Cox,beach,Benin,0,3,6,923
James Huang,quiet,Libyan Arab Jamahiriya,1,1,1,308
Rick Miller,sports,Barbados,0,2,5,266
Austin Smith,mobile,Palestinian Territory,1,1,6,860
Devin Wallace,excursion,Falkland Islands (Malvinas),1,3,3,303
Diana Rivera,beach,Madagascar,1,2,3,743
Walter Villanueva,beach,Yemen,0,1,1,305
Sheri Ellis,mobile,British Indian Ocean Territory (Chagos Archipelago),0,2,5,209
Douglas Padilla,mobile,Venezuela,1,3,3,256
Michael Orozco,beach,Grenada,1,1,4,751
Frances Henry,excursion,Cocos (Keeling) Islands,0,1,4,73
Jonathan Brown,excursion,Ireland,0,1,2,214
Emily Berry,mobile,Sweden,1,2,3,58
Paul Johnson,beach,Equatorial Guinea,1,3,3,573
Aaron Townsend,excursion,San Marino,1,1,4,976
Charles Martin,mobile,Cyprus,1,1,6,646
Todd Mays,quiet,Greenland,1,1,3,740
Margaret Oliver,quiet,Cyprus,1,2,3,670
James Robertson MD,sports,United States Virgin Islands,1,2,2,857
Anna Gonzales,sports,Kenya,0,2,6,243
Richard Campos,mobile,Nepal,1,2,6,133
Jeremy Thomas,beach,Venezuela,0,3,3,592
Vanessa Lin,quiet,Swaziland,0,1,4,570
Scott Price,sports,Albania,1,3,2,410
Thomas Jennings,excursion,Tonga,0,1,4,794
Adam Norton,mobile,Montserrat,0,3,6,419
Diane Hughes,mobile,Benin,0,1,6,911
Erica Martin,excursion,Wallis and Futuna,0,1,5,792
Anna Carr,sports,Liberia,0,3,6,826
Sue Reynolds,beach,Norfolk Island,0,3,6,654
Lee Smith,sports,Senegal,1,2,6,706
Kevin Berry,excursion,Guyana,0,1,5,354
Roger Morris,excursion,Antarctica (the territory South of 60 deg S),1,2,2,590
Jamie Benitez,mobile,Gibraltar,1,3,1,121
Robert Fischer,beach,Cyprus,1,3,5,123
Susan Gomez,quiet,Belarus,0,3,3,966
Michelle Edwards,mobile,Jersey,0,3,4,937
Jennifer Cobb,quiet,Saint Lucia,0,3,5,670
Melissa Cabrera,mobile,Antigua and Barbuda,1,2,6,55
Courtney Burnett,excursion,Northern Mariana Islands,0,2,3,976
Michael Smith,sports,Guadeloupe,1,1,5,389
Jennifer Coleman,excursion,Greenland,0,1,1,697
Michele Salinas DVM,sports,Macedonia,1,3,4,873
Nancy Olson,beach,Tokelau,1,2,4,247
Jessica Pace,excursion,Tokelau,1,1,6,153
Mrs. Peggy Lang,mobile,Cameroon,0,1,6,959
Janet Leon,excursion,Cuba,1,2,4,522
Randy Taylor,beach,Cayman Islands,0,1,3,185
Elizabeth Fox,mobile,Qatar,0,1,6,785
Shawna Frost,quiet,Angola,0,3,2,970
Kristi Roberts,sports,Micronesia,1,2,5,587
Jordan Hall,beach,Mauritania,0,2,1,709
Christopher Rodriguez,mobile,Andorra,1,2,1,35
Reginald Curtis,quiet,Nigeria,1,1,2,730
Marcus Williams,mobile,Aruba,1,2,3,383
Megan George,beach,Martinique,0,3,2,438
Pamela English,beach,Cuba,1,1,4,272
Jason Jenkins,mobile,Belize,1,2,3,164
Tara Paul,beach,Mayotte,1,2,6,329
John Nichols,excursion,Norway,1,2,2,998
Heather Davis,mobile,Ecuador,1,2,4,187
Diane Ramos,beach,Mali,0,2,1,296
Sarah Brown,excursion,Saudi Arabia,1,1,6,482
Tracy Mcintyre,quiet,China,1,2,3,573
Kyle Mccoy,sports,Costa Rica,0,2,4,870
Kathy Odonnell,beach,Micronesia,0,1,2,78
Carolyn Anderson,mobile,Indonesia,0,1,5,819
Jason Rivera,quiet,Iran,0,3,2,993
Christopher Harris,excursion,Guam,1,2,3,431
Stephen Bell,sports,Finland,1,2,1,98
Joanna Russell,excursion,Tokelau,1,3,5,753
Rhonda Johnson,beach,Syrian Arab Republic,1,3,4,841
Emily Spencer,excursion,Guinea-Bissau,1,3,3,347
Cheryl Bond,excursion,Turks and Caicos Islands,1,2,3,104
Dale York,quiet,Western Sahara,1,1,4,570
Christina Mccoy,quiet,Tajikistan,0,3,6,59
Brenda Warren,quiet,Antigua and Barbuda,1,2,4,519
Grant Jones,sports,Lao People's Democratic Republic,1,3,6,208
Craig Kirk,beach,Sao Tome and Principe,1,3,6,591
Brandon Hughes,quiet,British Virgin Islands,1,2,6,985
Philip Porter MD,mobile,Cocos (Keeling) Islands,1,2,4,52
Allen Walker,mobile,Brunei Darussalam,0,2,3,650
Tiffany Schmidt,sports,Cote d'Ivoire,0,2,6,390
Edward Delgado,excursion,Libyan Arab Jamahiriya,0,3,1,694
Lori Little,quiet,Bangladesh,1,1,5,301
Ashley Johnson,excursion,Tunisia,1,2,3,135
George Clark,beach,Lithuania,0,1,5,618
Chad Gonzalez,beach,Monaco,0,2,5,670
Kristi Jimenez,excursion,Antigua and Barbuda,0,1,2,458
Zoe Todd,mobile,Montenegro,0,2,3,91
Jeffery Miller,quiet,Equatorial Guinea,0,2,6,996
Kevin Hudson,sports,Mozambique,1,2,5,896
Elizabeth Ochoa,sports,Antigua and Barbuda,0,1,5,458
Hunter Chandler,mobile,Venezuela,0,1,5,41
Vanessa Oneill,excursion,Christmas Island,1,3,5,469
Karen Morris,excursion,Egypt,1,1,5,793
Jeremy Ellis,sports,Gambia,0,2,4,173
Jacqueline Black MD,excursion,Malawi,1,1,4,34
Mario Welch,excursion,Singapore,0,2,1,307
Brandon Wood,excursion,Puerto Rico,0,2,3,806
Diana Mccarty DDS,excursion,Gibraltar,1,3,2,968
Monica Williams,sports,Christmas Island,0,1,2,108
April Yu,sports,Turkmenistan,1,1,1,869
Paula Thomas,sports,Yemen,1,1,3,994
Patrick Zavala,quiet,Niger,1,1,3,573
Natalie King,mobile,Palestinian Territory,0,1,5,874
Whitney Walker DDS,mobile,Austria,1,3,6,528
Jacob Hall,sports,Tonga,0,2,4,384
Katie Nixon,mobile,Pakistan,0,3,1,449
Mr. Eric Anderson,quiet,Qatar,0,2,1,880
Crystal Harvey,excursion,Slovakia (Slovak Republic),1,1,5,352
Katherine Johnson,quiet,Western Sahara,0,2,1,200
Traci Smith,excursion,Haiti,1,3,3,387
Sara Kim,mobile,Netherlands,0,3,2,267
Denise Perkins,sports,Greece,0,1,5,698
Ryan Hendrix,beach,Malawi,1,1,5,21
Leslie Wheeler MD,sports,Morocco,1,3,5,190
Crystal Lowery DVM,excursion,Latvia,1,1,4,610
Sierra Garcia,mobile,Armenia,1,3,3,171
Willie Mitchell,quiet,Romania,1,2,1,705
Adam Chapman,excursion,Madagascar,0,3,5,35
Danielle Hall,mobile,Cayman Islands,0,2,3,69
Shelia Taylor,excursion,Palau,0,2,2,537
Karina Schmidt,excursion,Cameroon,1,2,6,276
David Barnes,beach,Tajikistan,1,2,3,321
Elizabeth Huang,excursion,Peru,1,3,5,867
Danielle Gregory,excursion,Niger,1,1,3,119
Emily Williams,quiet,Germany,1,3,3,684
Mark Kelley,mobile,Barbados,0,3,4,767
Emily Reed,quiet,Mauritius,1,3,4,569
Kimberly Malone,excursion,Aruba,1,2,3,229
Karl Braun,quiet,Germany,1,2,4,102
Penny Williams,mobile,Israel,1,1,6,584
Paul Miller,mobile,Timor-Leste,1,1,6,753
Elizabeth Griffin,excursion,Mexico,0,1,1,970
Kelly Adams,quiet,Latvia,0,2,5,767
Jamie Thompson,quiet,Afghanistan,0,3,6,731
Linda Smith,sports,United Kingdom,1,1,2,428
Angela Herman,mobile,Micronesia,0,1,1,948
Molly Thomas,mobile,Iceland,0,3,5,264
Kimberly Owens,beach,Pitcairn Islands,1,1,4,844
Brandy Butler,excursion,Vietnam,1,2,5,949
Hector Harper,beach,Tanzania,0,3,5,763
David Howard,sports,Sudan,1,2,1,348
Miranda Chang,beach,Austria,1,2,6,69
Debbie Gilmore,beach,New Zealand,1,3,4,824
Ashley Gibson,mobile,Malta,1,3,4,619
Peter Braun,beach,Denmark,1,2,5,101
Michelle Monroe,beach,Burkina Faso,0,1,6,377
Danny Walker,mobile,Georgia,0,1,3,195
Jonathan Lloyd,sports,Guam,0,1,5,578
Joshua Palmer,mobile,Mali,0,1,1,749
Adam Moore,sports,Madagascar,0,1,5,26
Patrick Thomas,excursion,Tonga,0,3,6,96
Zachary Ray,excursion,Christmas Island,0,3,2,784
Christina Harrison,excursion,Nigeria,0,1,3,546
John Hartman,excursion,Spain,0,2,4,33
Dennis Mullins,sports,Guinea-Bissau,1,2,1,622
Brandy Brown,sports,Tuvalu,1,1,2,518
Veronica Powell,quiet,Venezuela,1,1,3,906
Michelle Russo,excursion,Cyprus,0,1,4,241
Katherine Robinson,quiet,Israel,0,3,6,995
Jason Costa,excursion,Saint Kitts and Nevis,0,3,5,743
Stephen Singleton,quiet,Morocco,0,1,6,233
Renee Moore,sports,Suriname,0,3,1,822
Lindsey Smith,excursion,El Salvador,1,2,1,269
Melanie Russell,mobile,Djibouti,0,1,3,725
Anna Howard,beach,Greece,0,3,3,76
Kevin Diaz,excursion,Kazakhstan,0,1,6,34
Dr. Joseph Gutierrez,beach,Monaco,1,2,5,740
Shawn Lewis,quiet,Guyana,0,1,4,44
Anthony Jones,sports,Algeria,0,1,6,758
Nicholas Blevins,excursion,Korea,0,1,5,784
Eric Cox,beach,Burundi,0,3,4,866
James Salinas,sports,Uzbekistan,1,1,5,407
Michael Jacobs,mobile,Myanmar,0,3,4,374
Karen Hanna,beach,Mozambique,1,2,2,239
David Mcgrath,excursion,United States Minor Outlying Islands,1,3,3,271
Nicole Phillips,excursion,Mongolia,0,2,6,925
John Meza,mobile,Holy See (Vatican City State),1,2,2,628
Wanda Johnston,mobile,Tanzania,0,1,3,880
Natalie Hahn,quiet,French Polynesia,1,2,4,298
Cheryl Wolf,mobile,Guadeloupe,1,3,4,426
Joseph Freeman,mobile,Cyprus,1,2,5,316
Patrick Armstrong,quiet,Chile,0,1,5,623
David Lee,mobile,Western Sahara,0,3,6,715
Heidi Daugherty,beach,Timor-Leste,1,3,2,414
Timothy Hernandez Jr.,beach,Palau,1,1,2,546
Candace Peck,excursion,Uzbekistan,0,3,3,33
Catherine Alvarez,beach,Equatorial Guinea,1,2,4,38
Karen Bishop,sports,Costa Rica,0,2,4,606
Joshua Chandler,quiet,United States of America,0,1,5,597
Frank Patterson,quiet,Wallis and Futuna,0,2,2,743
John Curtis,mobile,Belize,1,1,1,121
Katrina Cross,sports,Saint Martin,1,2,1,630
Lisa Fisher,mobile,Saint Barthelemy,0,3,3,716
Mark Diaz,beach,Argentina,1,2,3,757
Justin Brown,mobile,Belgium,0,3,4,428
Evan Walton,sports,Cyprus,0,3,5,963
Michael Hughes,mobile,Ethiopia,0,2,2,61
Stephanie Mitchell,sports,Zimbabwe,1,1,1,271
Robert Kent,mobile,Mozambique,0,3,5,22
Alyssa Jones,beach,Norway,0,2,2,748
Mark Smith,excursion,Grenada,1,1,5,337
Regina Gordon,mobile,Estonia,0,2,6,595
Benjamin Hill,quiet,Belize,1,2,4,868
Dana Kidd,quiet,Suriname,1,1,1,629
Daniel Drake,quiet,Qatar,1,2,3,688
Eddie Taylor,quiet,Swaziland,1,2,1,807
Elizabeth Martinez,sports,Turks and Caicos Islands,1,1,2,590
Abigail Harris,excursion,Samoa,0,3,3,176
Christopher Anderson,beach,Egypt,0,1,2,17
Todd Clark,mobile,Trinidad and Tobago,1,1,2,281
Elizabeth Jackson,mobile,Lesotho,0,2,4,722
Shane Brown,excursion,Mauritius,1,3,1,352
Daniel Howard,excursion,Nicaragua,1,2,4,63
Eric Ramirez,mobile,Latvia,1,3,2,223
Andrea Welch,sports,Thailand,0,1,4,438
Mrs. Lynn Marks DVM,mobile,Malawi,0,3,6,528
Jessica Coleman DDS,quiet,Venezuela,0,3,3,634
Cheryl Martinez,quiet,Papua New Guinea,0,2,3,954
Jonathan Hill,beach,Paraguay,0,1,4,806
Maureen Johnson,quiet,Nigeria,0,3,5,61
Cathy Leblanc,mobile,Germany,0,1,3,389
Amanda Wall,sports,Netherlands,1,2,5,210
Megan Snyder,mobile,Macao,0,1,5,82
Drew Schneider,excursion,Dominican Republic,1,3,3,910
Catherine Edwards,quiet,Namibia,0,3,2,956
Kimberly Nguyen,beach,Christmas Island,1,1,1,478
Wayne Morgan,mobile,Trinidad and Tobago,1,3,6,965
Allen Williams,mobile,Ecuador,1,3,6,134
Joanna Hurst,sports,Tuvalu,1,1,1,254
Sean Mccarthy,mobile,Vanuatu,1,2,6,35
Emily Kline,beach,Comoros,1,3,4,129
Carlos Mckinney,sports,Holy See (Vatican City State),1,3,4,915
Joshua Hill,sports,Paraguay,1,2,1,665
Diana Rose,excursion,Uganda,1,3,3,632
Dr. Micheal Holden,excursion,Somalia,0,2,2,737
John Melton,mobile,Dominican Republic,0,1,5,290
Mary Young,sports,China,1,2,4,162
Sarah Perez,beach,Hungary,0,2,2,769
Todd Meyer,beach,Tokelau,1,2,1,83
Leslie Morris,excursion,Thailand,0,3,2,664
Kathleen Meza,excursion,Botswana,0,3,2,768
Shelia Johnson,mobile,Haiti,1,3,5,551
Michael Logan,sports,Israel,0,3,3,641
Susan Gonzalez,beach,Tanzania,1,2,6,906
Heather Berry,sports,Kyrgyz Republic,0,2,6,198
Marcus Francis,quiet,Sri Lanka,1,3,4,485
Sharon Dixon,beach,Philippines,1,2,3,786
Austin Johnson,sports,Gabon,1,3,5,215
Jamie Parker,excursion,Philippines,1,1,1,521
Tina Nichols,mobile,Panama,1,2,4,437
Ricardo Delacruz,excursion,Cocos (Keeling) Islands,0,1,1,220
Justin Smith,excursion,Sao Tome and Principe,0,1,4,989
Steven Phillips,beach,Mauritius,0,1,6,758
Elizabeth White,excursion,Mexico,0,2,1,389
John Stone,beach,Wallis and Futuna,1,3,4,230
Savannah Bailey,mobile,Guam,1,3,4,212
Jennifer Boyle,quiet,Vietnam,0,3,6,576
Sally Williams,excursion,Mali,1,1,1,105
Beverly Smith,sports,Rwanda,1,1,3,145
Kevin Roberts,mobile,Dominica,0,1,1,923
Travis Velazquez,quiet,Sao Tome and Principe,0,1,5,57
Jessica Carpenter,beach,Hong Kong,0,3,3,810
Derek Brown,quiet,Brazil,0,2,5,129
Michael Lopez,excursion,Finland,0,2,2,159
Charles Giles,beach,Serbia,0,1,3,485
Elizabeth Cruz,beach,Ethiopia,1,1,1,479
Joseph Ramirez,beach,Venezuela,1,2,2,231
Christina Hogan,sports,Serbia,1,1,5,883
Timothy Rowe,beach,Uruguay,0,1,6,627
Daniel Hernandez,quiet,India,1,2,2,99
Barbara Stephens,mobile,Colombia,1,2,1,918
Pamela Hess,beach,Peru,0,2,5,989
Margaret Francis,beach,Congo,1,3,2,924
Robert Carr,beach,Mali,0,3,5,431
Mark Hunter,mobile,Tonga,0,3,1,821
Stacy Taylor,beach,Slovenia,0,2,1,902
Eric Lee,quiet,Reunion,0,1,3,200
John French,sports,Lesotho,1,3,5,493
Jose Harris,beach,Luxembourg,0,1,5,827
Nicole Osborn,excursion,Solomon Islands,1,3,1,297
Christopher Gill,sports,South Africa,1,1,1,787
Robert Rivera,sports,Mongolia,1,3,1,289
Jordan Austin,beach,Christmas Island,1,3,2,971
Autumn Campbell,mobile,Albania,0,2,5,286
Christina Rivera,sports,Namibia,0,1,3,945
Tammy Graham,sports,Argentina,1,2,1,559
Colin Hines,excursion,Pakistan,1,3,4,831
Colleen Cuevas,sports,Lebanon,1,1,2,302
Amanda Martinez,beach,Guinea,1,2,3,977
Crystal May,quiet,Barbados,0,3,1,800
Deborah Hickman,beach,Liechtenstein,0,1,2,309
Ashley Spears,mobile,Singapore,1,2,1,349
Jeanne Escobar,mobile,Puerto Rico,0,3,3,531
Jill Kramer,quiet,Heard Island and McDonald Islands,1,2,3,429
Carrie Nguyen,beach,Bosnia and Herzegovina,1,3,6,877
Daniel Blake,excursion,Botswana,1,3,3,710
Noah Mcclain,excursion,Montserrat,0,3,4,731
Cassandra Powell,mobile,Greece,0,3,6,400
Shawn Patterson,beach,Bahrain,1,2,2,926
Brian Terry,mobile,Japan,0,1,2,788
Karen Cervantes MD,mobile,Kazakhstan,0,2,3,764
Megan Olson,beach,Latvia,0,1,6,75
Laura Poole,beach,Sweden,0,1,1,490
Robert Gonzalez,beach,Central African Republic,1,1,1,475
Sherri Clay,beach,Montenegro,1,2,4,635
Steven Matthews DVM,beach,Saint Kitts and Nevis,0,2,2,929
Teresa Romero,mobile,Ukraine,1,1,2,708
Michael Weeks,quiet,Benin,1,2,1,299
Jason Henderson,sports,Iceland,0,2,5,920
Erika Rodriguez,excursion,Brunei Darussalam,1,1,2,372
Craig Anderson,mobile,United States Virgin Islands,0,2,3,377
Travis Gray,mobile,French Southern Territories,0,2,3,681
Justin Martin,excursion,Croatia,1,2,3,924
Peter Anthony,mobile,Romania,1,3,5,336
Kristin Knapp,excursion,British Virgin Islands,1,3,2,998
Michelle Robinson,mobile,Macao,0,3,4,514
Anna Smith,quiet,Seychelles,0,2,4,924
Valerie Smith,excursion,Afghanistan,0,2,6,938
Barbara Wilkerson,beach,United States Virgin Islands,0,3,3,472
Jeffrey Brown,quiet,China,0,1,4,640
Joe Carlson,quiet,Yemen,0,2,1,128
Ariel Reed,mobile,Morocco,0,2,1,343
Mark Gonzales,mobile,Brunei Darussalam,0,3,2,334
Nancy Ross,beach,Nepal,1,3,6,946
Matthew Walsh,mobile,Jamaica,1,3,6,261
Heidi George,mobile,Antigua and Barbuda,1,2,5,970
Michele Mckee,excursion,Lesotho,1,1,2,23
Matthew Moody,excursion,Cyprus,1,2,2,977
Adam Morris,quiet,Turkey,0,3,5,663
Dr. Louis Wright,sports,Italy,0,1,1,983
David Ferguson,excursion,Spain,1,1,2,207
Alyssa Shaw,quiet,Bolivia,0,2,1,547
Laura Hamilton DDS,quiet,Faroe Islands,0,1,4,794
Margaret Montes,mobile,Iran,1,2,3,589
Daniel Marshall,sports,Equatorial Guinea,1,1,5,385
Sean Hammond,mobile,Korea,0,1,2,380
David Anderson,beach,Holy See (Vatican City State),0,1,4,969
William Davis,quiet,Korea,1,3,1,955
Ashley Nguyen,beach,Nepal,0,3,4,462
Jeffrey Sellers,sports,Palestinian Territory,1,3,2,164
Felicia Velasquez,excursion,Congo,0,1,1,3
Jillian Garcia,excursion,Colombia,0,1,6,682
Mark Thomas,quiet,British Indian Ocean Territory (Chagos Archipelago),1,2,1,908
Robert Frey,excursion,Ghana,0,1,6,34
Jeremy Herrera,beach,Dominican Republic,0,1,5,785
Sabrina Jennings,excursion,Tuvalu,1,3,6,344
Tammy Stein,mobile,Norfolk Island,1,2,6,226
Matthew West,sports,Italy,1,2,1,755
Linda Kelly,beach,Samoa,1,1,3,513
Charles Berg,excursion,Western Sahara,0,1,3,958
Michael Nelson,quiet,Indonesia,0,3,1,79
Natalie Soto,beach,Sudan,1,2,5,832
Melissa Fisher,excursion,Morocco,1,2,5,494
Brian Fitzpatrick,quiet,Cocos (Keeling) Islands,0,3,5,329
Brandon Camacho,excursion,Italy,0,2,2,363
Eric Lopez,quiet,Rwanda,1,2,6,570
Christopher Williams,mobile,Finland,1,2,3,818
Jay Green,excursion,Tokelau,1,1,3,251
Jennifer Poole,mobile,Antigua and Barbuda,1,1,5,232
David Smith,quiet,Saint Martin,0,3,6,222
Lydia Dunn DDS,excursion,Turks and Caicos Islands,0,3,1,687
Lisa Steele,beach,Saint Martin,1,2,5,505
Ryan Hughes,beach,Bangladesh,0,1,3,702
Angela Hodges,sports,Mauritania,0,1,5,202
Thomas Kelly,beach,Kuwait,1,1,1,728
Christopher Solis,sports,Burkina Faso,1,3,5,800
Robert Collins,sports,Colombia,0,3,2,929
Nicholas Conner,mobile,Paraguay,0,3,2,116
Samuel Johnson,beach,South Georgia and the South Sandwich Islands,0,3,2,70
Laura Woods,quiet,Albania,1,3,5,578
Jonathan York MD,beach,Mayotte,1,3,3,378
Alexis Perry MD,beach,Lao People's Democratic Republic,1,1,5,657
Michael Gray,sports,Lao People's Democratic Republic,1,2,3,227
Scott Davis,sports,Hungary,1,1,2,77
Megan Howard,excursion,Mexico,0,1,6,155
Caleb George,quiet,Dominica,1,2,2,590
Matthew Miller,mobile,Mexico,1,3,6,279
Kyle Robles,mobile,Cocos (Keeling) Islands,0,1,4,280
Sharon Chambers,sports,British Indian Ocean Territory (Chagos Archipelago),0,3,4,618
Tracey Gardner,sports,Montserrat,0,3,3,725
Ryan Jensen,quiet,Philippines,1,3,5,72
Kristina Vang,beach,Costa Rica,1,2,3,216
Amanda Fisher,sports,Palau,1,3,4,815
Craig Taylor,quiet,South Africa,0,1,2,182
Jeffrey Dunn,sports,Kiribati,1,3,3,744
Veronica Brown,beach,Bermuda,0,3,4,810
Robert Ellis,mobile,Armenia,0,2,5,947
Chelsea Watson,quiet,Cook Islands,1,3,5,586
Emily Sullivan,excursion,Vanuatu,1,1,2,558
Tracy Espinoza,sports,Bhutan,0,3,2,700
Vincent Wilson,mobile,Cape Verde,1,1,5,881
Elizabeth Williams,quiet,Croatia,1,2,1,240
Alexandra Williams,quiet,Macedonia,0,1,6,55
Lauren Harris,beach,New Zealand,0,2,1,391
Matthew Andrews,quiet,Anguilla,0,2,4,962
Judith Mcdowell,excursion,Luxembourg,0,3,3,303
Austin Garcia,quiet,France,1,2,3,384
Victor Morgan,excursion,Nauru,0,1,4,754
Martin Chang,excursion,Iran,1,3,4,28
Stacey Bryant,quiet,Ukraine,1,3,4,379
Riley Meyer,quiet,Aruba,0,1,4,757
Jennifer Cohen,mobile,Saint Barthelemy,0,3,4,700
Christopher Wong,mobile,Mauritius,0,3,5,358
Charles Garrett,sports,Sri Lanka,1,3,3,604
Julie Torres,mobile,Australia,1,1,4,328
Kimberly Navarro,quiet,Puerto Rico,1,2,2,264
Terri Barnett,excursion,Libyan Arab Jamahiriya,0,3,5,877
Heather Cooper,mobile,Djibouti,1,3,2,506
Megan Kim,quiet,Moldova,1,3,2,748
Makayla Sherman,quiet,Anguilla,1,1,5,47
Zoe Peterson,quiet,Turks and Caicos Islands,1,2,1,105
Andrea Diaz,mobile,Namibia,1,3,3,54
Willie Howard,excursion,Netherlands,1,1,5,205
Jason Harper,beach,Paraguay,1,2,6,825
Michael Castillo,excursion,Malawi,1,3,1,236
Brian Francis,beach,Australia,1,1,5,897
Joshua Guzman,quiet,Martinique,0,3,2,134
Daniel Keith,beach,El Salvador,1,3,6,912
Raymond Lopez,mobile,Pakistan,0,1,2,882
Patricia Gonzales,quiet,Faroe Islands,0,3,6,901
Ethan Patel,excursion,Finland,0,1,3,190
Martin Huang,excursion,Togo,1,2,6,711
Neil Simpson,beach,Turkey,0,1,1,363
Roberto Torres,beach,Madagascar,1,1,4,908
Tracy Ferguson,beach,Bahamas,0,2,3,502
Darius Norton,mobile,Heard Island and McDonald Islands,0,2,4,934
Heather Moore,excursion,Canada,0,1,5,419
Patrick Wagner,beach,Greece,0,1,4,881
Amanda Griffin,sports,Singapore,1,3,5,599
David Avery,excursion,Australia,0,3,6,584
Kim Torres,beach,Haiti,0,1,2,775
Jerry Anderson,mobile,Burundi,1,3,6,432
Phillip Mcintosh,beach,American Samoa,1,3,6,539
Kristin Williams,beach,Bahrain,0,3,6,698
Andrew Washington,quiet,Trinidad and Tobago,0,3,5,959
Jonathan Torres,mobile,Mozambique,0,2,5,323
Joanne Carey,mobile,Oman,1,2,3,487
Angela Gardner,beach,Costa Rica,0,2,2,156
Peter Mcdonald,excursion,Gambia,0,1,2,659
Michael Rodriguez,sports,Denmark,1,1,1,440
Johnny Crane,beach,Cayman Islands,0,2,6,243
Kimberly Fitzpatrick,sports,Wallis and Futuna,0,3,3,481
Brent Cherry,beach,Cote d'Ivoire,0,3,5,718
John Walters,beach,Macedonia,1,2,3,915
Juan Rodriguez,beach,Serbia,0,1,4,592
Jeffrey Rios,mobile,Jersey,1,1,1,51
Lynn Powers,quiet,Netherlands Antilles,0,2,4,496
Richard Nelson,beach,Argentina,0,2,5,403
Mr. Jeremy Mccarthy,quiet,Nigeria,0,2,3,403
William Stanley,quiet,Guyana,0,3,1,38
Thomas Castro,mobile,Uzbekistan,1,1,6,77
Tracy Gonzalez,beach,Singapore,0,2,6,509
Isaiah Johnson,sports,Micronesia,0,2,5,197
Dr. Audrey Ford,beach,Spain,1,1,6,857
Andrea Brown,mobile,Portugal,1,2,4,162
Adam Thompson,quiet,Colombia,0,2,3,105
Kimberly Walls,sports,Anguilla,1,2,1,796
Matthew Yoder,excursion,Spain,1,3,3,198
Jessica Baldwin,beach,Zimbabwe,0,1,1,102
Cynthia Garcia,beach,Namibia,1,2,4,82
Tanya Chaney,sports,Lebanon,1,3,2,99
Cory Spence,mobile,Saint Lucia,1,3,6,797
April Williams,excursion,Kenya,1,3,6,336
Christine Ball,quiet,Botswana,1,1,1,168
Brett Harris,sports,Western Sahara,1,1,1,840
Paul Mullins,beach,Saudi Arabia,1,1,3,205
Jesse Hicks,excursion,Maldives,0,2,1,597
Alex Cole,sports,Micronesia,0,2,3,586
Jennifer Harvey,beach,Spain,0,2,4,18
James Long,quiet,Palestinian Territory,0,2,5,705
Bryan Doyle,excursion,Turks and Caicos Islands,1,2,2,732
Michelle Ball,sports,Djibouti,1,2,5,786
Rachel Martinez,beach,Morocco,0,3,4,669
Paula Stevens,excursion,Estonia,0,3,5,396
Angela Jenkins,quiet,Venezuela,0,2,1,167
William Ward,sports,Niger,0,1,3,986
Sheila Stephenson,mobile,Samoa,1,3,1,262
Nicholas Mercado,beach,Mongolia,0,1,6,911
Brianna Brown,excursion,Austria,0,1,5,633
Justin English,quiet,Macao,1,3,3,731
Michael Livingston,beach,Turkey,0,2,3,674
Traci Moore,sports,Nauru,1,1,1,882
Catherine Jacobson,mobile,Liechtenstein,1,2,5,566
Donna Taylor,excursion,Costa Rica,0,2,3,923
Russell Sanchez,mobile,Seychelles,0,1,1,232
Kenneth Wheeler,excursion,Andorra,1,2,3,627
Maria Young,sports,Mali,1,2,6,774
Charlene Jones,excursion,Russian Federation,0,1,5,454
Erin Jimenez,sports,Lesotho,1,1,3,152
Shane Reese,excursion,Djibouti,0,3,3,967
Jennifer Roy,beach,France,0,2,4,803
Bryan Francis,beach,Madagascar,1,3,5,912
Matthew Perez,mobile,Cote d'Ivoire,1,2,6,803
Sarah Parker,beach,Fiji,1,3,4,207
Eduardo Freeman,excursion,Dominican Republic,0,1,5,472
Mark Watts,excursion,French Guiana,1,3,3,172
Christopher Orozco,mobile,Romania,0,3,1,665
Rebecca Newman,beach,Cambodia,0,2,3,333
Elizabeth Carson,quiet,Isle of Man,1,1,2,499
Lauren Myers MD,sports,Mauritania,0,3,1,888
Mr. Christopher Miller MD,sports,Vanuatu,1,2,5,69
Lori Ramirez,quiet,Bulgaria,0,3,5,903
Sheila Andrade,beach,Venezuela,0,2,3,169
Emily Curry,excursion,Cape Verde,0,2,5,745
Ronald Wong,quiet,Svalbard & Jan Mayen Islands,1,2,2,616
Brian Ruiz,excursion,Bolivia,1,3,5,761
Kirk Brandt,quiet,Svalbard & Jan Mayen Islands,0,3,3,776
Brian Flores,quiet,Afghanistan,0,3,6,183
George Schroeder,quiet,Dominican Republic,1,1,1,746
Christopher Baxter,quiet,Albania,1,3,1,103
Christopher Reynolds,mobile,Mayotte,0,1,1,263
Holly Whitehead,beach,El Salvador,0,1,5,698
Amy Peterson,sports,Northern Mariana Islands,0,3,1,306
Catherine Johnson,excursion,Ireland,1,1,5,979
Benjamin Johnson,mobile,Mauritius,0,3,5,82
Amanda Wilcox,excursion,Taiwan,0,2,2,214
Edward Coffey IV,excursion,Vanuatu,1,2,3,906
Nicole Benton,excursion,Tunisia,1,1,5,68
Ryan Martin,sports,Reunion,0,2,4,861
Emily Long,excursion,Japan,1,2,5,148
James Crane,beach,China,0,1,6,816
Jamie Johnson,mobile,Niue,0,2,5,653
Matthew Baker,excursion,Cocos (Keeling) Islands,1,2,2,861
Dustin Williamson,quiet,Moldova,0,1,6,229
Amanda Bruce,quiet,Jordan,0,3,5,632
Joshua Wilson,excursion,Jamaica,0,1,3,347
Vicki Moore,sports,Namibia,1,1,3,103
Rebecca Matthews,beach,Korea,1,2,2,294
Robert Buckley,sports,Christmas Island,1,3,6,549
Jennifer Williams,quiet,Guinea-Bissau,0,2,6,182
Samantha Lewis,mobile,Sudan,1,1,4,339
Robert Richardson,quiet,China,0,2,1,995
Gregory Kennedy,mobile,Tonga,1,2,1,693
Jose Woodward,sports,Brunei Darussalam,1,1,3,606
Ms. Heather Burton PhD,beach,Romania,0,1,5,369
Erica Johnson,excursion,Andorra,1,1,3,928
William Melendez,sports,Malaysia,0,2,4,44
Stephanie Hill,quiet,Azerbaijan,0,3,5,800
Larry Stevens,beach,Niger,0,1,6,908
Douglas Cox,beach,Guatemala,1,3,4,355
Carmen Wilson,beach,Madagascar,0,3,1,79
Linda Alvarez,excursion,Saint Helena,0,1,1,564
Jesse King,quiet,Georgia,0,2,3,130
Crystal Simmons,excursion,Saint Kitts and Nevis,1,3,1,360
Rebekah Gray,quiet,Montserrat,1,2,3,799
Marvin Berry,quiet,Israel,1,3,3,479
